"","subject","type","item","condition","question","correct_answer","response","rt","group","ambiguity","trimmed_rt"
"23",1,"gp",3,"c","!","{The_president}",1,1844,"L1","Ambiguous",1844
"29",1,"gp",4,"d","!","{The_friend}",1,2138,"L1","Unambiguous",2138
"33",1,"gp",7,"c","!","{The_lady}",1,1510,"L1","Ambiguous",1510
"89",1,"gp",20,"d","!","{The_man}",1,1897,"L1","Unambiguous",1897
"92",1,"gp",19,"c","!","{The_basketball_player}",1,2853,"L1","Ambiguous",2853
"112",1,"gp",12,"d","!","{The_baby}",1,1747,"L1","Unambiguous",1747
"133",1,"gp",11,"c","!","{The_friend}",1,1691,"L1","Ambiguous",1691
"140",1,"gp",24,"d","!","{The_director}",1,2375,"L1","Unambiguous",2375
"144",1,"gp",16,"d","!","{The_assistant}",1,1960,"L1","Unambiguous",1960
"159",1,"gp",15,"c","!","{The_boy}",1,3248,"L1","Ambiguous",3248
"171",1,"gp",23,"c","!","{The_child}",1,4003,"L1","Ambiguous",4003
"175",1,"gp",8,"d","!","{The_boy}",1,1513,"L1","Unambiguous",1513
"217",2,"gp",15,"d","!","{The_boy}",1,1028,"L1","Unambiguous",1028
"223",2,"gp",2,"c","!","{The_mother}",0,2794,"L1","Ambiguous",2794
"230",2,"gp",10,"c","!","{The_two_soldiers}",0,1124,"L1","Ambiguous",1124
"241",2,"gp",6,"c","!","{The_neighbour}",1,972,"L1","Ambiguous",972
"247",2,"gp",19,"d","!","{The_basketball_player}",1,1542,"L1","Unambiguous",1542
"265",2,"gp",14,"c","!","{The_nurse}",1,1586,"L1","Ambiguous",1586
"293",2,"gp",3,"d","!","{The_president}",1,1444,"L1","Unambiguous",1444
"297",2,"gp",23,"d","!","{The_child}",1,1108,"L1","Unambiguous",1108
"324",2,"gp",11,"d","!","{The_friend}",1,1136,"L1","Unambiguous",1136
"345",2,"gp",18,"c","!","{The_baby}",1,2386,"L1","Ambiguous",2386
"348",2,"gp",22,"c","!","{The_coach}",1,2255,"L1","Ambiguous",2255
"359",2,"gp",7,"d","!","{The_lady}",1,953,"L1","Unambiguous",953
"401",3,"gp",18,"d","!","{The_baby}",1,1989,"L1","Unambiguous",1989
"405",3,"gp",22,"d","!","{The_coach}",1,2556,"L1","Unambiguous",2556
"409",3,"gp",9,"c","!","{The_pianist}",0,12669,"L1","Ambiguous",NA
"412",3,"gp",6,"d","!","{The_neighbour}",1,1922,"L1","Unambiguous",1922
"427",3,"gp",13,"c","!","{The_boy}",1,1870,"L1","Ambiguous",1870
"456",3,"gp",1,"c","!","{The_man}",1,1631,"L1","Ambiguous",1631
"471",3,"gp",14,"d","!","{The_nurse}",1,1757,"L1","Unambiguous",1757
"502",3,"gp",21,"c","!","{The_child}",1,2411,"L1","Ambiguous",2411
"519",3,"gp",5,"c","!","{The_boy}",1,3324,"L1","Ambiguous",3324
"529",3,"gp",10,"d","!","{The_General}",1,2177,"L1","Unambiguous",2177
"532",3,"gp",17,"c","!","{The_terrorist}",1,2360,"L1","Ambiguous",2360
"538",3,"gp",2,"d","!","{The_baby}",1,1910,"L1","Unambiguous",1910
"562",4,"gp",12,"c","!","{The_baby}",1,1212,"L1","Ambiguous",1212
"571",4,"gp",21,"d","!","{The_child}",1,1585,"L1","Unambiguous",1585
"574",4,"gp",24,"c","!","{The_actresses}",0,2472,"L1","Ambiguous",2472
"578",4,"gp",17,"d","!","{The_terrorist}",1,1088,"L1","Unambiguous",1088
"595",4,"gp",4,"c","!","{The_friend}",1,1058,"L1","Ambiguous",1058
"599",4,"gp",16,"c","!","{The_assistant}",1,3170,"L1","Ambiguous",3170
"614",4,"gp",8,"c","!","{The_boy}",1,2749,"L1","Ambiguous",2749
"638",4,"gp",13,"d","!","{The_boy}",1,1443,"L1","Unambiguous",1443
"656",4,"gp",1,"d","!","{The_man}",1,1064,"L1","Unambiguous",1064
"663",4,"gp",20,"c","!","{The_man}",1,2021,"L1","Ambiguous",2021
"673",4,"gp",9,"d","!","{The_singer}",1,1267,"L1","Unambiguous",1267
"701",4,"gp",5,"d","!","{The_boy}",1,1838,"L1","Unambiguous",1838
"738",5,"gp",19,"c","!","{The_basketball_player}",1,2411,"L1","Ambiguous",2411
"747",5,"gp",4,"d","!","{The_friend}",1,1865,"L1","Unambiguous",1865
"750",5,"gp",7,"c","!","{The_lady}",1,1604,"L1","Ambiguous",1604
"757",5,"gp",16,"d","!","{The_assistant}",1,4299,"L1","Unambiguous",4299
"778",5,"gp",3,"c","!","{The_president}",1,1976,"L1","Ambiguous",1976
"791",5,"gp",23,"c","!","{The_mother}",0,2373,"L1","Ambiguous",2373
"820",5,"gp",8,"d","!","{The_boy}",1,2142,"L1","Unambiguous",2142
"823",5,"gp",15,"c","!","{The_aunt}",0,1437,"L1","Ambiguous",1437
"835",5,"gp",24,"d","!","{The_actresses}",0,3337,"L1","Unambiguous",3337
"853",5,"gp",11,"c","!","{The_lady}",0,2132,"L1","Ambiguous",2132
"888",5,"gp",20,"d","!","{The_man}",1,1902,"L1","Unambiguous",1902
"898",5,"gp",12,"d","!","{The_baby}",1,2848,"L1","Unambiguous",2848
"919",6,"gp",11,"d","!","{The_friend}",1,1612,"L1","Unambiguous",1612
"932",6,"gp",6,"c","!","{The_neighbour}",1,1813,"L1","Ambiguous",1813
"942",6,"gp",2,"c","!","{The_baby}",1,2120,"L1","Ambiguous",2120
"945",6,"gp",10,"c","!","{The_General}",1,2816,"L1","Ambiguous",2816
"955",6,"gp",15,"d","!","{The_boy}",1,1811,"L1","Unambiguous",1811
"970",6,"gp",3,"d","!","{The_president}",1,1585,"L1","Unambiguous",1585
"984",6,"gp",7,"d","!","{The_lady}",1,2098,"L1","Unambiguous",2098
"1022",6,"gp",14,"c","!","{The_doctor}",0,2617,"L1","Ambiguous",2617
"1033",6,"gp",23,"d","!","{The_child}",1,1661,"L1","Unambiguous",1661
"1054",6,"gp",22,"c","!","{The_coach}",1,1860,"L1","Ambiguous",1860
"1068",6,"gp",18,"c","!","{The_baby}",1,5989,"L1","Ambiguous",NA
"1075",6,"gp",19,"d","!","{The_basketball_player}",1,1552,"L1","Unambiguous",1552
"1100",7,"gp",17,"c","!","{The_terrorist}",1,2381,"L1","Ambiguous",2381
"1112",7,"gp",18,"d","!","{The_baby}",1,1646,"L1","Unambiguous",1646
"1115",7,"gp",13,"c","!","{The_boy}",1,1324,"L1","Ambiguous",1324
"1118",7,"gp",22,"d","!","{The_coach}",1,1700,"L1","Unambiguous",1700
"1132",7,"gp",1,"c","!","{The_lawyer}",0,2661,"L1","Ambiguous",2661
"1145",7,"gp",5,"c","!","{The_father}",0,3607,"L1","Ambiguous",3607
"1164",7,"gp",9,"c","!","{The_pianist}",0,2553,"L1","Ambiguous",2553
"1204",7,"gp",6,"d","!","{The_neighbour}",1,2836,"L1","Unambiguous",2836
"1207",7,"gp",10,"d","!","{The_General}",1,2029,"L1","Unambiguous",2029
"1220",7,"gp",2,"d","!","{The_baby}",1,2359,"L1","Unambiguous",2359
"1231",7,"gp",21,"c","!","{The_child}",1,5031,"L1","Ambiguous",5031
"1238",7,"gp",14,"d","!","{The_nurse}",1,2369,"L1","Unambiguous",2369
"1285",8,"gp",24,"c","!","{The_actresses}",0,2478,"L1","Ambiguous",2478
"1294",8,"gp",4,"c","!","{The_two_children}",0,1941,"L1","Ambiguous",1941
"1301",8,"gp",5,"d","!","{The_boy}",1,2185,"L1","Unambiguous",2185
"1308",8,"gp",13,"d","!","{The_boy}",1,1881,"L1","Unambiguous",1881
"1333",8,"gp",9,"d","!","{The_singer}",1,1554,"L1","Unambiguous",1554
"1354",8,"gp",12,"c","!","{The_nurse}",0,4455,"L1","Ambiguous",4455
"1370",8,"gp",17,"d","!","{The_terrorist}",1,2585,"L1","Unambiguous",2585
"1382",8,"gp",16,"c","!","{The_assistant}",1,2231,"L1","Ambiguous",2231
"1392",8,"gp",8,"c","!","{Mary}",0,3689,"L1","Ambiguous",3689
"1413",8,"gp",21,"d","!","{The_child}",1,2050,"L1","Unambiguous",2050
"1424",8,"gp",1,"d","!","{The_lawyer}",0,3695,"L1","Unambiguous",3695
"1438",8,"gp",20,"c","!","{The_man}",1,1913,"L1","Ambiguous",1913
"1467",9,"gp",11,"c","!","{The_friend}",1,1081,"L1","Ambiguous",1081
"1476",9,"gp",15,"c","!","{The_aunt}",0,1342,"L1","Ambiguous",1342
"1482",9,"gp",24,"d","!","{The_director}",1,1031,"L1","Unambiguous",1031
"1490",9,"gp",19,"c","!","{The_basketball_player}",1,1442,"L1","Ambiguous",1442
"1499",9,"gp",16,"d","!","{The_assistant}",1,1361,"L1","Unambiguous",1361
"1510",9,"gp",12,"d","!","{The_baby}",1,991,"L1","Unambiguous",991
"1520",9,"gp",8,"d","!","{The_boy}",1,1512,"L1","Unambiguous",1512
"1529",9,"gp",23,"c","!","{The_child}",1,1537,"L1","Ambiguous",1537
"1561",9,"gp",20,"d","!","{The_man}",1,997,"L1","Unambiguous",997
"1569",9,"gp",3,"c","!","{The_president}",1,1886,"L1","Ambiguous",1886
"1590",9,"gp",4,"d","!","{The_friend}",1,1115,"L1","Unambiguous",1115
"1611",9,"gp",7,"c","!","{The_lady}",1,1527,"L1","Ambiguous",1527
"1635",10,"gp",23,"d","!","{The_child}",1,1145,"L1","Unambiguous",1145
"1638",10,"gp",19,"d","!","{The_basketball_player}",1,1567,"L1","Unambiguous",1567
"1655",10,"gp",11,"d","!","{The_friend}",1,1070,"L1","Unambiguous",1070
"1663",10,"gp",3,"d","!","{The_president}",1,1148,"L1","Unambiguous",1148
"1683",10,"gp",7,"d","!","{The_lady}",1,1975,"L1","Unambiguous",1975
"1698",10,"gp",18,"c","!","{The_father}",0,3058,"L1","Ambiguous",3058
"1705",10,"gp",10,"c","!","{The_two_soldiers}",0,2028,"L1","Ambiguous",2028
"1718",10,"gp",2,"c","!","{The_mother}",0,2365,"L1","Ambiguous",2365
"1734",10,"gp",22,"c","!","{The_two_footballers}",0,1531,"L1","Ambiguous",1531
"1771",10,"gp",15,"d","!","{The_boy}",1,1730,"L1","Unambiguous",1730
"1781",10,"gp",6,"c","!","{The_two_kids}",0,2253,"L1","Ambiguous",2253
"1798",10,"gp",14,"c","!","{The_nurse}",1,2379,"L1","Ambiguous",2379
"1849",11,"gp",14,"d","!","{The_nurse}",1,1387,"L1","Unambiguous",1387
"1874",11,"gp",13,"c","!","{The_boy}",1,2940,"L1","Ambiguous",2940
"1885",11,"gp",9,"c","!","{The_singer}",1,1546,"L1","Ambiguous",1546
"1892",11,"gp",17,"c","!","{The_terrorist}",1,1470,"L1","Ambiguous",1470
"1898",11,"gp",22,"d","!","{The_coach}",1,1795,"L1","Unambiguous",1795
"1901",11,"gp",5,"c","!","{The_father}",0,2136,"L1","Ambiguous",2136
"1905",11,"gp",21,"c","!","{The_child}",1,1477,"L1","Ambiguous",1477
"1915",11,"gp",18,"d","!","{The_baby}",1,1461,"L1","Unambiguous",1461
"1926",11,"gp",1,"c","!","{The_man}",1,4194,"L1","Ambiguous",4194
"1946",11,"gp",10,"d","!","{The_General}",1,2523,"L1","Unambiguous",2523
"1957",11,"gp",2,"d","!","{The_baby}",1,3624,"L1","Unambiguous",3624
"1978",11,"gp",6,"d","!","{The_neighbour}",1,1573,"L1","Unambiguous",1573
"1995",12,"gp",13,"d","!","{The_boy}",1,3244,"L1","Unambiguous",3244
"1998",12,"gp",5,"d","!","{The_boy}",1,2107,"L1","Unambiguous",2107
"2005",12,"gp",1,"d","!","{The_man}",1,1893,"L1","Unambiguous",1893
"2069",12,"gp",20,"c","!","{The_man}",1,1715,"L1","Ambiguous",1715
"2080",12,"gp",24,"c","!","{The_actresses}",0,2325,"L1","Ambiguous",2325
"2094",12,"gp",4,"c","!","{The_two_children}",0,2993,"L1","Ambiguous",2993
"2114",12,"gp",8,"c","!","{Mary}",0,3289,"L1","Ambiguous",3289
"2118",12,"gp",16,"c","!","{The_assistant}",1,3541,"L1","Ambiguous",3541
"2131",12,"gp",21,"d","!","{The_child}",1,2202,"L1","Unambiguous",2202
"2135",12,"gp",17,"d","!","{The_terrorist}",1,1418,"L1","Unambiguous",1418
"2138",12,"gp",12,"c","!","{The_baby}",1,1664,"L1","Ambiguous",1664
"2153",12,"gp",9,"d","!","{The_singer}",1,1565,"L1","Unambiguous",1565
"2176",13,"gp",24,"d","!","{The_director}",1,1383,"L1","Unambiguous",1383
"2180",13,"gp",12,"d","!","{The_baby}",1,1629,"L1","Unambiguous",1629
"2191",13,"gp",4,"d","!","{The_friend}",1,1616,"L1","Unambiguous",1616
"2199",13,"gp",7,"c","!","{The_lady}",1,2227,"L1","Ambiguous",2227
"2213",13,"gp",8,"d","!","{The_boy}",1,1601,"L1","Unambiguous",1601
"2230",13,"gp",19,"c","!","{The_basketball_player}",1,1860,"L1","Ambiguous",1860
"2233",13,"gp",16,"d","!","{The_assistant}",1,1635,"L1","Unambiguous",1635
"2247",13,"gp",11,"c","!","{The_lady}",0,1971,"L1","Ambiguous",1971
"2259",13,"gp",23,"c","!","{The_child}",1,3349,"L1","Ambiguous",3349
"2276",13,"gp",20,"d","!","{The_man}",1,1499,"L1","Unambiguous",1499
"2283",13,"gp",15,"c","!","{The_boy}",1,1515,"L1","Ambiguous",1515
"2297",13,"gp",3,"c","!","{The_president}",1,3201,"L1","Ambiguous",3201
"2356",14,"gp",19,"d","!","{The_coach}",0,1881,"L1","Unambiguous",1881
"2363",14,"gp",11,"d","!","{The_friend}",1,1564,"L1","Unambiguous",1564
"2381",14,"gp",18,"c","!","{The_father}",0,2271,"L1","Ambiguous",2271
"2391",14,"gp",15,"d","!","{The_boy}",1,1093,"L1","Unambiguous",1093
"2397",14,"gp",23,"d","!","{The_child}",1,1169,"L1","Unambiguous",1169
"2422",14,"gp",2,"c","!","{The_baby}",1,2564,"L1","Ambiguous",2564
"2425",14,"gp",3,"d","!","{The_president}",1,1488,"L1","Unambiguous",1488
"2471",14,"gp",10,"c","!","{The_General}",1,1749,"L1","Ambiguous",1749
"2479",14,"gp",6,"c","!","{The_neighbour}",1,1961,"L1","Ambiguous",1961
"2482",14,"gp",14,"c","!","{The_doctor}",0,1632,"L1","Ambiguous",1632
"2489",14,"gp",7,"d","!","{The_lady}",1,1605,"L1","Unambiguous",1605
"2518",14,"gp",22,"c","!","{The_coach}",1,2179,"L1","Ambiguous",2179
"2539",15,"gp",22,"d","!","{The_coach}",1,2014,"L1","Unambiguous",2014
"2546",15,"gp",1,"c","!","{The_man}",1,1925,"L1","Ambiguous",1925
"2561",15,"gp",21,"c","!","{The_child}",1,7534,"L1","Ambiguous",7534
"2595",15,"gp",13,"c","!","{The_boy}",1,1965,"L1","Ambiguous",1965
"2612",15,"gp",18,"d","!","{The_baby}",1,4423,"L1","Unambiguous",4423
"2615",15,"gp",14,"d","!","{The_nurse}",1,6913,"L1","Unambiguous",6913
"2618",15,"gp",5,"c","!","{The_boy}",1,3210,"L1","Ambiguous",3210
"2622",15,"gp",6,"d","!","{The_neighbour}",1,1863,"L1","Unambiguous",1863
"2630",15,"gp",10,"d","!","{The_General}",1,1798,"L1","Unambiguous",1798
"2636",15,"gp",17,"c","!","{The_terrorist}",1,2058,"L1","Ambiguous",2058
"2664",15,"gp",9,"c","!","{The_singer}",1,1669,"L1","Ambiguous",1669
"2682",15,"gp",2,"d","!","{The_baby}",1,1460,"L1","Unambiguous",1460
"2732",16,"gp",5,"d","!","{The_boy}",1,1414,"L1","Unambiguous",1414
"2742",16,"gp",24,"c","!","{The_director}",1,1238,"L1","Ambiguous",1238
"2764",16,"gp",12,"c","!","{The_baby}",1,1711,"L1","Ambiguous",1711
"2804",16,"gp",13,"d","!","{The_boy}",1,1511,"L1","Unambiguous",1511
"2807",16,"gp",17,"d","!","{The_terrorist}",1,1457,"L1","Unambiguous",1457
"2813",16,"gp",1,"d","!","{The_man}",1,2154,"L1","Unambiguous",2154
"2820",16,"gp",16,"c","!","{The_assistant}",1,2060,"L1","Ambiguous",2060
"2838",16,"gp",9,"d","!","{The_singer}",1,1881,"L1","Unambiguous",1881
"2841",16,"gp",8,"c","!","{The_boy}",1,1924,"L1","Ambiguous",1924
"2853",16,"gp",20,"c","!","{The_man}",1,1518,"L1","Ambiguous",1518
"2865",16,"gp",21,"d","!","{The_child}",1,2631,"L1","Unambiguous",2631
"2878",16,"gp",4,"c","!","{The_two_children}",0,2881,"L1","Ambiguous",2881
"2902",17,"gp",12,"d","!","{The_baby}",1,2216,"L1","Unambiguous",2216
"2926",17,"gp",15,"c","!","{The_boy}",1,1594,"L1","Ambiguous",1594
"2934",17,"gp",24,"d","!","{The_actresses}",0,2686,"L1","Unambiguous",2686
"2948",17,"gp",20,"d","!","{The_two_friends}",0,3497,"L1","Unambiguous",3497
"2958",17,"gp",8,"d","!","{The_boy}",1,2092,"L1","Unambiguous",2092
"2988",17,"gp",11,"c","!","{The_friend}",1,2335,"L1","Ambiguous",2335
"3006",17,"gp",3,"c","!","{The_president}",1,2691,"L1","Ambiguous",2691
"3023",17,"gp",7,"c","!","{The_lady}",1,1707,"L1","Ambiguous",1707
"3033",17,"gp",16,"d","!","{The_assistant}",1,1791,"L1","Unambiguous",1791
"3039",17,"gp",19,"c","!","{The_basketball_player}",1,2995,"L1","Ambiguous",2995
"3042",17,"gp",4,"d","!","{The_friend}",1,1622,"L1","Unambiguous",1622
"3055",17,"gp",23,"c","!","{The_child}",1,3059,"L1","Ambiguous",3059
"3083",18,"gp",23,"d","!","{The_child}",1,1388,"L1","Unambiguous",1388
"3087",18,"gp",19,"d","!","{The_basketball_player}",1,1777,"L1","Unambiguous",1777
"3098",18,"gp",15,"d","!","{The_boy}",1,1416,"L1","Unambiguous",1416
"3102",18,"gp",3,"d","!","{The_two_journalists}",0,1757,"L1","Unambiguous",1757
"3109",18,"gp",22,"c","!","{The_coach}",1,1298,"L1","Ambiguous",1298
"3124",18,"gp",14,"c","!","{The_nurse}",1,1663,"L1","Ambiguous",1663
"3136",18,"gp",6,"c","!","{The_neighbour}",1,1341,"L1","Ambiguous",1341
"3172",18,"gp",18,"c","!","{The_father}",0,2262,"L1","Ambiguous",2262
"3182",18,"gp",11,"d","!","{The_friend}",1,1235,"L1","Unambiguous",1235
"3204",18,"gp",7,"d","!","{The_lady}",1,2371,"L1","Unambiguous",2371
"3228",18,"gp",2,"c","!","{The_baby}",1,2468,"L1","Ambiguous",2468
"3231",18,"gp",10,"c","!","{The_General}",1,1207,"L1","Ambiguous",1207
"3256",19,"gp",14,"d","!","{The_nurse}",1,3707,"L1","Unambiguous",3707
"3278",19,"gp",1,"c","!","{The_man}",1,3632,"L1","Ambiguous",3632
"3285",19,"gp",21,"c","!","{The_child}",1,1513,"L1","Ambiguous",1513
"3302",19,"gp",17,"c","!","{The_terrorist}",1,3270,"L1","Ambiguous",3270
"3312",19,"gp",5,"c","!","{The_boy}",1,1845,"L1","Ambiguous",1845
"3323",19,"gp",10,"d","!","{The_General}",1,2414,"L1","Unambiguous",2414
"3331",19,"gp",6,"d","!","{The_neighbour}",1,1791,"L1","Unambiguous",1791
"3334",19,"gp",9,"c","!","{The_singer}",1,2626,"L1","Ambiguous",2626
"3382",19,"gp",18,"d","!","{The_baby}",1,1544,"L1","Unambiguous",1544
"3396",19,"gp",13,"c","!","{The_boy}",1,3460,"L1","Ambiguous",3460
"3399",19,"gp",2,"d","!","{The_baby}",1,1695,"L1","Unambiguous",1695
"3406",19,"gp",22,"d","!","{The_coach}",1,1653,"L1","Unambiguous",1653
"3435",20,"gp",13,"d","!","{The_boy}",1,1900,"L1","Unambiguous",1900
"3452",20,"gp",5,"d","!","{The_boy}",1,3538,"L1","Unambiguous",3538
"3463",20,"gp",8,"c","!","{Mary}",0,3291,"L1","Ambiguous",3291
"3485",20,"gp",4,"c","!","{The_friend}",1,3668,"L1","Ambiguous",3668
"3492",20,"gp",20,"c","!","{The_man}",1,971,"L1","Ambiguous",971
"3499",20,"gp",9,"d","!","{The_singer}",1,1675,"L1","Unambiguous",1675
"3516",20,"gp",12,"c","!","{The_baby}",1,2883,"L1","Ambiguous",2883
"3523",20,"gp",24,"c","!","{The_director}",1,1706,"L1","Ambiguous",1706
"3536",20,"gp",21,"d","!","{The_child}",1,3776,"L1","Unambiguous",3776
"3547",20,"gp",17,"d","!","{The_terrorist}",1,1085,"L1","Unambiguous",1085
"3567",20,"gp",16,"c","!","{The_assistant}",1,2114,"L1","Ambiguous",2114
"3589",20,"gp",1,"d","!","{The_man}",1,1324,"L1","Unambiguous",1324
"3632",21,"gp",20,"d","!","{The_man}",1,1262,"L1","Unambiguous",1262
"3641",21,"gp",8,"d","!","{The_boy}",1,1554,"L1","Unambiguous",1554
"3648",21,"gp",24,"d","!","{The_director}",1,961,"L1","Unambiguous",961
"3666",21,"gp",19,"c","!","{The_basketball_player}",1,1525,"L1","Ambiguous",1525
"3690",21,"gp",16,"d","!","{The_assistant}",1,1018,"L1","Unambiguous",1018
"3726",21,"gp",15,"c","!","{The_boy}",1,1252,"L1","Ambiguous",1252
"3733",21,"gp",4,"d","!","{The_friend}",1,958,"L1","Unambiguous",958
"3737",21,"gp",3,"c","!","{The_president}",1,1159,"L1","Ambiguous",1159
"3740",21,"gp",12,"d","!","{The_baby}",1,1264,"L1","Unambiguous",1264
"3747",21,"gp",23,"c","!","{The_child}",1,1147,"L1","Ambiguous",1147
"3751",21,"gp",11,"c","!","{The_friend}",1,1291,"L1","Ambiguous",1291
"3775",21,"gp",7,"c","!","{The_lady}",1,1351,"L1","Ambiguous",1351
"3802",22,"gp",2,"c","!","{The_baby}",1,2881,"L1","Ambiguous",2881
"3826",22,"gp",3,"d","!","{The_president}",1,2066,"L1","Unambiguous",2066
"3859",22,"gp",22,"c","!","{The_coach}",1,2729,"L1","Ambiguous",2729
"3889",22,"gp",14,"c","!","{The_nurse}",1,2830,"L1","Ambiguous",2830
"3893",22,"gp",19,"d","!","{The_basketball_player}",1,2415,"L1","Unambiguous",2415
"3899",22,"gp",10,"c","!","{The_General}",1,2173,"L1","Ambiguous",2173
"3902",22,"gp",7,"d","!","{The_man}",0,2361,"L1","Unambiguous",2361
"3905",22,"gp",23,"d","!","{The_child}",1,1921,"L1","Unambiguous",1921
"3909",22,"gp",15,"d","!","{The_boy}",1,1936,"L1","Unambiguous",1936
"3930",22,"gp",6,"c","!","{The_neighbour}",1,1732,"L1","Ambiguous",1732
"3934",22,"gp",11,"d","!","{The_friend}",1,5075,"L1","Unambiguous",5075
"3941",22,"gp",18,"c","!","{The_baby}",1,3326,"L1","Ambiguous",3326
"3976",23,"gp",13,"c","!","{The_boy}",1,1555,"L1","Ambiguous",1555
"3979",23,"gp",10,"d","!","{The_General}",1,1716,"L1","Unambiguous",1716
"3982",23,"gp",22,"d","!","{The_coach}",1,1189,"L1","Unambiguous",1189
"4005",23,"gp",6,"d","!","{The_neighbour}",1,1490,"L1","Unambiguous",1490
"4024",23,"gp",21,"c","!","{The_child}",1,2164,"L1","Ambiguous",2164
"4031",23,"gp",5,"c","!","{The_boy}",1,1697,"L1","Ambiguous",1697
"4038",23,"gp",2,"d","!","{The_baby}",1,2358,"L1","Unambiguous",2358
"4052",23,"gp",1,"c","!","{The_man}",1,2556,"L1","Ambiguous",2556
"4108",23,"gp",17,"c","!","{The_terrorist}",1,1416,"L1","Ambiguous",1416
"4121",23,"gp",14,"d","!","{The_nurse}",1,1298,"L1","Unambiguous",1298
"4128",23,"gp",18,"d","!","{The_baby}",1,1634,"L1","Unambiguous",1634
"4132",23,"gp",9,"c","!","{The_singer}",1,1937,"L1","Ambiguous",1937
"4186",24,"gp",12,"c","!","{The_nurse}",0,2529,"L1","Ambiguous",2529
"4195",24,"gp",17,"d","!","{The_terrorist}",1,1652,"L1","Unambiguous",1652
"4203",24,"gp",20,"c","!","{The_two_friends}",0,2294,"L1","Ambiguous",2294
"4216",24,"gp",4,"c","!","{The_two_children}",0,4028,"L1","Ambiguous",4028
"4219",24,"gp",1,"d","!","{The_man}",1,1519,"L1","Unambiguous",1519
"4227",24,"gp",16,"c","!","{The_researcher}",0,2225,"L1","Ambiguous",2225
"4253",24,"gp",9,"d","!","{The_pianist}",0,2151,"L1","Unambiguous",2151
"4264",24,"gp",5,"d","!","{The_boy}",1,1213,"L1","Unambiguous",1213
"4271",24,"gp",21,"d","!","{The_child}",1,1122,"L1","Unambiguous",1122
"4278",24,"gp",8,"c","!","{Mary}",0,1982,"L1","Ambiguous",1982
"4286",24,"gp",24,"c","!","{The_director}",1,3964,"L1","Ambiguous",3964
"4300",24,"gp",13,"d","!","{The_girl}",0,1517,"L1","Unambiguous",1517
"4339",25,"gp",3,"c","!","{The_two_journalists}",0,1867,"L1","Ambiguous",1867
"4361",25,"gp",15,"c","!","{The_boy}",1,1134,"L1","Ambiguous",1134
"4395",25,"gp",4,"d","!","{The_friend}",1,1475,"L1","Unambiguous",1475
"4401",25,"gp",19,"c","!","{The_coach}",0,1961,"L1","Ambiguous",1961
"4434",25,"gp",23,"c","!","{The_child}",1,1328,"L1","Ambiguous",1328
"4437",25,"gp",24,"d","!","{The_director}",1,1409,"L1","Unambiguous",1409
"4451",25,"gp",16,"d","!","{The_assistant}",1,1328,"L1","Unambiguous",1328
"4454",25,"gp",12,"d","!","{The_baby}",1,1920,"L1","Unambiguous",1920
"4472",25,"gp",7,"c","!","{The_lady}",1,1285,"L1","Ambiguous",1285
"4480",25,"gp",8,"d","!","{The_boy}",1,1193,"L1","Unambiguous",1193
"4487",25,"gp",20,"d","!","{The_man}",1,1009,"L1","Unambiguous",1009
"4495",25,"gp",11,"c","!","{The_friend}",1,2510,"L1","Ambiguous",2510
"4520",26,"gp",23,"d","!","{The_child}",1,2144,"L1","Unambiguous",2144
"4528",26,"gp",7,"d","!","{The_lady}",1,1634,"L1","Unambiguous",1634
"4540",26,"gp",14,"c","!","{The_nurse}",1,1584,"L1","Ambiguous",1584
"4547",26,"gp",19,"d","!","{The_basketball_player}",1,2299,"L1","Unambiguous",2299
"4580",26,"gp",11,"d","!","{The_friend}",1,2702,"L1","Unambiguous",2702
"4624",26,"gp",18,"c","!","{The_father}",0,4087,"L1","Ambiguous",4087
"4630",26,"gp",22,"c","!","{The_coach}",1,3603,"L1","Ambiguous",3603
"4639",26,"gp",2,"c","!","{The_baby}",1,1593,"L1","Ambiguous",1593
"4649",26,"gp",3,"d","!","{The_president}",1,1732,"L1","Unambiguous",1732
"4667",26,"gp",15,"d","!","{The_boy}",1,1194,"L1","Unambiguous",1194
"4675",26,"gp",6,"c","!","{The_neighbour}",1,2045,"L1","Ambiguous",2045
"4678",26,"gp",10,"c","!","{The_General}",1,1724,"L1","Ambiguous",1724
"4698",27,"gp",10,"d","!","{The_General}",1,1634,"L1","Unambiguous",1634
"4712",27,"gp",6,"d","!","{The_neighbour}",1,1756,"L1","Unambiguous",1756
"4726",27,"gp",21,"c","!","{The_child}",1,2131,"L1","Ambiguous",2131
"4740",27,"gp",13,"c","!","{The_boy}",1,1334,"L1","Ambiguous",1334
"4757",27,"gp",14,"d","!","{The_doctor}",0,1457,"L1","Unambiguous",1457
"4797",27,"gp",9,"c","!","{The_pianist}",0,2710,"L1","Ambiguous",2710
"4800",27,"gp",2,"d","!","{The_baby}",1,1268,"L1","Unambiguous",1268
"4823",27,"gp",18,"d","!","{The_baby}",1,1372,"L1","Unambiguous",1372
"4826",27,"gp",22,"d","!","{The_coach}",1,1402,"L1","Unambiguous",1402
"4830",27,"gp",5,"c","!","{The_boy}",1,1739,"L1","Ambiguous",1739
"4837",27,"gp",17,"c","!","{The_terrorist}",1,1133,"L1","Ambiguous",1133
"4851",27,"gp",1,"c","!","{The_lawyer}",0,2366,"L1","Ambiguous",2366
"4882",28,"gp",20,"c","!","{The_man}",1,1913,"L1","Ambiguous",1913
"4901",28,"gp",13,"d","!","{The_boy}",1,1799,"L1","Unambiguous",1799
"4923",28,"gp",24,"c","!","{The_actresses}",0,4008,"L1","Ambiguous",4008
"4929",28,"gp",4,"c","!","{The_friend}",1,2143,"L1","Ambiguous",2143
"4958",28,"gp",16,"c","!","{The_researcher}",0,3381,"L1","Ambiguous",3381
"4961",28,"gp",8,"c","!","{The_boy}",1,1616,"L1","Ambiguous",1616
"4974",28,"gp",17,"d","!","{The_terrorist}",1,1313,"L1","Unambiguous",1313
"4977",28,"gp",12,"c","!","{The_baby}",1,1676,"L1","Ambiguous",1676
"4984",28,"gp",1,"d","!","{The_man}",1,1467,"L1","Unambiguous",1467
"5008",28,"gp",21,"d","!","{The_child}",1,2446,"L1","Unambiguous",2446
"5016",28,"gp",9,"d","!","{The_singer}",1,1564,"L1","Unambiguous",1564
"5038",28,"gp",5,"d","!","{The_boy}",1,1393,"L1","Unambiguous",1393
"5055",29,"gp",7,"c","!","{The_lady}",1,1373,"L1","Ambiguous",1373
"5069",29,"gp",20,"d","!","{The_man}",1,1432,"L1","Unambiguous",1432
"5081",29,"gp",8,"d","!","{The_boy}",1,1774,"L1","Unambiguous",1774
"5092",29,"gp",24,"d","!","{The_director}",1,985,"L1","Unambiguous",985
"5100",29,"gp",16,"d","!","{The_assistant}",1,1164,"L1","Unambiguous",1164
"5106",29,"gp",3,"c","!","{The_president}",1,1122,"L1","Ambiguous",1122
"5132",29,"gp",4,"d","!","{The_friend}",1,1375,"L1","Unambiguous",1375
"5138",29,"gp",12,"d","!","{The_baby}",1,1238,"L1","Unambiguous",1238
"5162",29,"gp",19,"c","!","{The_basketball_player}",1,1375,"L1","Ambiguous",1375
"5176",29,"gp",23,"c","!","{The_child}",1,1015,"L1","Ambiguous",1015
"5199",29,"gp",11,"c","!","{The_friend}",1,1151,"L1","Ambiguous",1151
"5202",29,"gp",15,"c","!","{The_boy}",1,989,"L1","Ambiguous",989
"5239",30,"gp",3,"d","!","{The_two_journalists}",0,3599,"L1","Unambiguous",3599
"5247",30,"gp",15,"d","!","{The_boy}",1,1771,"L1","Unambiguous",1771
"5277",30,"gp",14,"c","!","{The_nurse}",1,2790,"L1","Ambiguous",2790
"5282",30,"gp",10,"c","!","{The_General}",1,1981,"L1","Ambiguous",1981
"5286",30,"gp",6,"c","!","{The_neighbour}",1,1736,"L1","Ambiguous",1736
"5296",30,"gp",7,"d","!","{The_lady}",1,1808,"L1","Unambiguous",1808
"5303",30,"gp",11,"d","!","{The_friend}",1,1644,"L1","Unambiguous",1644
"5306",30,"gp",23,"d","!","{The_child}",1,1576,"L1","Unambiguous",1576
"5329",30,"gp",2,"c","!","{The_mother}",0,3014,"L1","Ambiguous",3014
"5341",30,"gp",22,"c","!","{The_coach}",1,1522,"L1","Ambiguous",1522
"5366",30,"gp",19,"d","!","{The_basketball_player}",1,1596,"L1","Unambiguous",1596
"5369",30,"gp",18,"c","!","{The_baby}",1,1448,"L1","Ambiguous",1448
"5445",31,"gp",2,"d","!","{The_baby}",1,2093,"L1","Unambiguous",2093
"5452",31,"gp",14,"d","!","{The_doctor}",0,1677,"L1","Unambiguous",1677
"5497",31,"gp",13,"c","!","{The_girl}",0,2056,"L1","Ambiguous",2056
"5501",31,"gp",17,"c","!","{The_two_men}",0,3455,"L1","Ambiguous",3455
"5512",31,"gp",1,"c","!","{The_man}",1,1275,"L1","Ambiguous",1275
"5526",31,"gp",22,"d","!","{The_coach}",1,1307,"L1","Unambiguous",1307
"5536",31,"gp",6,"d","!","{The_neighbour}",1,1564,"L1","Unambiguous",1564
"5539",31,"gp",9,"c","!","{The_pianist}",0,3356,"L1","Ambiguous",3356
"5545",31,"gp",18,"d","!","{The_baby}",1,1310,"L1","Unambiguous",1310
"5552",31,"gp",21,"c","!","{Anna}",0,1246,"L1","Ambiguous",1246
"5567",31,"gp",5,"c","!","{The_father}",0,1667,"L1","Ambiguous",1667
"5575",31,"gp",10,"d","!","{The_General}",1,1103,"L1","Unambiguous",1103
"5595",32,"gp",24,"c","!","{The_director}",1,2097,"L1","Ambiguous",2097
"5605",32,"gp",5,"d","!","{The_boy}",1,1589,"L1","Unambiguous",1589
"5626",32,"gp",17,"d","!","{The_terrorist}",1,1572,"L1","Unambiguous",1572
"5637",32,"gp",20,"c","!","{The_man}",1,2235,"L1","Ambiguous",2235
"5647",32,"gp",8,"c","!","{The_boy}",1,1373,"L1","Ambiguous",1373
"5653",32,"gp",16,"c","!","{The_assistant}",1,2965,"L1","Ambiguous",2965
"5666",32,"gp",9,"d","!","{The_singer}",1,1935,"L1","Unambiguous",1935
"5690",32,"gp",21,"d","!","{The_child}",1,1494,"L1","Unambiguous",1494
"5693",32,"gp",13,"d","!","{The_boy}",1,1646,"L1","Unambiguous",1646
"5707",32,"gp",4,"c","!","{The_friend}",1,2452,"L1","Ambiguous",2452
"5715",32,"gp",1,"d","!","{The_man}",1,2296,"L1","Unambiguous",2296
"5736",32,"gp",12,"c","!","{The_baby}",1,1571,"L1","Ambiguous",1571
"5787",33,"gp",23,"c","!","{The_mother}",0,2170,"L1","Ambiguous",2170
"5810",33,"gp",20,"d","!","{The_man}",1,3309,"L1","Unambiguous",3309
"5813",33,"gp",4,"d","!","{The_friend}",1,2090,"L1","Unambiguous",2090
"5827",33,"gp",7,"c","!","{The_lady}",1,2160,"L1","Ambiguous",2160
"5839",33,"gp",19,"c","!","{The_basketball_player}",1,2132,"L1","Ambiguous",2132
"5855",33,"gp",8,"d","!","{The_boy}",1,1776,"L1","Unambiguous",1776
"5858",33,"gp",15,"c","!","{The_boy}",1,1821,"L1","Ambiguous",1821
"5878",33,"gp",3,"c","!","{The_president}",1,1778,"L1","Ambiguous",1778
"5890",33,"gp",24,"d","!","{The_director}",1,1755,"L1","Unambiguous",1755
"5896",33,"gp",11,"c","!","{The_friend}",1,1400,"L1","Ambiguous",1400
"5899",33,"gp",12,"d","!","{The_baby}",1,2013,"L1","Unambiguous",2013
"5927",33,"gp",16,"d","!","{The_assistant}",1,2049,"L1","Unambiguous",2049
"5976",34,"gp",3,"d","!","{The_two_journalists}",0,2218,"L1","Unambiguous",2218
"5991",34,"gp",15,"d","!","{The_boy}",1,2188,"L1","Unambiguous",2188
"6006",34,"gp",23,"d","!","{The_child}",1,1456,"L1","Unambiguous",1456
"6020",34,"gp",19,"d","!","{The_basketball_player}",1,1694,"L1","Unambiguous",1694
"6047",34,"gp",7,"d","!","{The_lady}",1,1366,"L1","Unambiguous",1366
"6061",34,"gp",18,"c","!","{The_baby}",1,1234,"L1","Ambiguous",1234
"6065",34,"gp",6,"c","!","{The_two_kids}",0,3768,"L1","Ambiguous",3768
"6084",34,"gp",10,"c","!","{The_General}",1,1741,"L1","Ambiguous",1741
"6098",34,"gp",22,"c","!","{The_coach}",1,1574,"L1","Ambiguous",1574
"6101",34,"gp",2,"c","!","{The_mother}",0,2585,"L1","Ambiguous",2585
"6108",34,"gp",11,"d","!","{The_friend}",1,1500,"L1","Unambiguous",1500
"6116",34,"gp",14,"c","!","{The_nurse}",1,2087,"L1","Ambiguous",2087
"6144",35,"gp",1,"c","!","{The_man}",1,2473,"L1","Ambiguous",2473
"6150",35,"gp",18,"d","!","{The_baby}",1,1653,"L1","Unambiguous",1653
"6160",35,"gp",2,"d","!","{The_baby}",1,1622,"L1","Unambiguous",1622
"6175",35,"gp",13,"c","!","{The_boy}",1,1128,"L1","Ambiguous",1128
"6179",35,"gp",21,"c","!","{The_child}",1,3666,"L1","Ambiguous",3666
"6196",35,"gp",10,"d","!","{The_General}",1,1442,"L1","Unambiguous",1442
"6202",35,"gp",6,"d","!","{The_neighbour}",1,986,"L1","Unambiguous",986
"6205",35,"gp",5,"c","!","{The_boy}",1,893,"L1","Ambiguous",893
"6215",35,"gp",9,"c","!","{The_singer}",1,2378,"L1","Ambiguous",2378
"6224",35,"gp",17,"c","!","{The_terrorist}",1,1003,"L1","Ambiguous",1003
"6251",35,"gp",14,"d","!","{The_nurse}",1,1121,"L1","Unambiguous",1121
"6263",35,"gp",22,"d","!","{The_coach}",1,1423,"L1","Unambiguous",1423
"6336",36,"gp",21,"d","!","{The_child}",1,1474,"L1","Unambiguous",1474
"6344",36,"gp",5,"d","!","{The_boy}",1,1550,"L1","Unambiguous",1550
"6366",36,"gp",16,"c","!","{The_assistant}",1,1631,"L1","Ambiguous",1631
"6382",36,"gp",1,"d","!","{The_man}",1,3033,"L1","Unambiguous",3033
"6396",36,"gp",20,"c","!","{The_man}",1,1259,"L1","Ambiguous",1259
"6405",36,"gp",4,"c","!","{The_friend}",1,2607,"L1","Ambiguous",2607
"6417",36,"gp",24,"c","!","{The_director}",1,1254,"L1","Ambiguous",1254
"6424",36,"gp",8,"c","!","{The_boy}",1,9896,"L1","Ambiguous",NA
"6431",36,"gp",9,"d","!","{The_singer}",1,1428,"L1","Unambiguous",1428
"6461",36,"gp",12,"c","!","{The_baby}",1,1647,"L1","Ambiguous",1647
"6471",36,"gp",17,"d","!","{The_terrorist}",1,1297,"L1","Unambiguous",1297
"6478",36,"gp",13,"d","!","{The_boy}",1,1562,"L1","Unambiguous",1562
"6524",37,"gp",12,"d","!","{The_baby}",1,1569,"L1","Unambiguous",1569
"6535",37,"gp",11,"c","!","{The_lady}",0,3098,"L1","Ambiguous",3098
"6544",37,"gp",7,"c","!","{The_man}",0,1359,"L1","Ambiguous",1359
"6566",37,"gp",19,"c","!","{The_basketball_player}",1,2861,"L1","Ambiguous",2861
"6569",37,"gp",4,"d","!","{The_friend}",1,1887,"L1","Unambiguous",1887
"6575",37,"gp",3,"c","!","{The_president}",1,1744,"L1","Ambiguous",1744
"6578",37,"gp",23,"c","!","{The_child}",1,1313,"L1","Ambiguous",1313
"6581",37,"gp",16,"d","!","{The_assistant}",1,1559,"L1","Unambiguous",1559
"6625",37,"gp",24,"d","!","{The_director}",1,1715,"L1","Unambiguous",1715
"6632",37,"gp",8,"d","!","{Mary}",0,2178,"L1","Unambiguous",2178
"6636",37,"gp",15,"c","!","{The_aunt}",0,2067,"L1","Ambiguous",2067
"6648",37,"gp",20,"d","!","{The_man}",1,1026,"L1","Unambiguous",1026
"6706",38,"gp",19,"d","!","{The_basketball_player}",1,1715,"L1","Unambiguous",1715
"6712",38,"gp",7,"d","!","{The_lady}",1,1129,"L1","Unambiguous",1129
"6726",38,"gp",3,"d","!","{The_president}",1,1807,"L1","Unambiguous",1807
"6737",38,"gp",6,"c","!","{The_neighbour}",1,2041,"L1","Ambiguous",2041
"6768",38,"gp",2,"c","!","{The_baby}",1,1772,"L1","Ambiguous",1772
"6785",38,"gp",11,"d","!","{The_friend}",1,1222,"L1","Unambiguous",1222
"6792",38,"gp",23,"d","!","{The_mother}",0,1569,"L1","Unambiguous",1569
"6805",38,"gp",14,"c","!","{The_nurse}",1,1534,"L1","Ambiguous",1534
"6816",38,"gp",15,"d","!","{The_boy}",1,1211,"L1","Unambiguous",1211
"6822",38,"gp",10,"c","!","{The_General}",1,1556,"L1","Ambiguous",1556
"6836",38,"gp",18,"c","!","{The_baby}",1,1438,"L1","Ambiguous",1438
"6839",38,"gp",22,"c","!","{The_coach}",1,838,"L1","Ambiguous",838
"6868",39,"gp",6,"d","!","{The_neighbour}",1,2377,"L1","Unambiguous",2377
"6879",39,"gp",1,"c","!","{The_man}",1,2899,"L1","Ambiguous",2899
"6904",39,"gp",14,"d","!","{The_nurse}",1,1830,"L1","Unambiguous",1830
"6907",39,"gp",9,"c","!","{The_pianist}",0,5220,"L1","Ambiguous",5220
"6937",39,"gp",22,"d","!","{The_coach}",1,1948,"L1","Unambiguous",1948
"6951",39,"gp",18,"d","!","{The_baby}",1,1422,"L1","Unambiguous",1422
"6964",39,"gp",21,"c","!","{Anna}",0,1346,"L1","Ambiguous",1346
"6971",39,"gp",10,"d","!","{The_General}",1,1658,"L1","Unambiguous",1658
"6978",39,"gp",17,"c","!","{The_terrorist}",1,1674,"L1","Ambiguous",1674
"6984",39,"gp",13,"c","!","{The_boy}",1,1644,"L1","Ambiguous",1644
"6988",39,"gp",2,"d","!","{The_baby}",1,1894,"L1","Unambiguous",1894
"7008",39,"gp",5,"c","!","{The_boy}",1,1542,"L1","Ambiguous",1542
"7039",40,"gp",8,"c","!","{The_boy}",1,1606,"L1","Ambiguous",1606
"7098",40,"gp",17,"d","!","{The_terrorist}",1,1580,"L1","Unambiguous",1580
"7129",40,"gp",4,"c","!","{The_two_children}",0,2080,"L1","Ambiguous",2080
"7139",40,"gp",12,"c","!","{The_baby}",1,5614,"L1","Ambiguous",5614
"7145",40,"gp",9,"d","!","{The_singer}",1,1620,"L1","Unambiguous",1620
"7150",40,"gp",20,"c","!","{The_two_friends}",0,2478,"L1","Ambiguous",2478
"7153",40,"gp",16,"c","!","{The_researcher}",0,3490,"L1","Ambiguous",3490
"7159",40,"gp",13,"d","!","{The_boy}",1,2396,"L1","Unambiguous",2396
"7170",40,"gp",5,"d","!","{The_boy}",1,1783,"L1","Unambiguous",1783
"7174",40,"gp",24,"c","!","{The_actresses}",0,3755,"L1","Ambiguous",3755
"7182",40,"gp",1,"d","!","{The_lawyer}",0,3494,"L1","Unambiguous",3494
"7188",40,"gp",21,"d","!","{The_child}",1,1501,"L1","Unambiguous",1501
